<annotation>
	<folder>unlabeled_data</folder>
	<filename>cat.3872.jpg</filename>
	<path>/home/alvaro/Área de Trabalho/tf-models/research/object_detection/unlabeled_data/cat.3872.jpg</path>
	<source>
		<database>Unknown</database>
	</source>
	<size>
		<width>499</width>
		<height>375</height>
		<depth>3</depth>
	</size>
	<segmented>0</segmented>
	<object>
		<name>cat</name>
		<pose>Unspecified</pose>
		<truncated>0</truncated>
		<difficult>0</difficult>
		<bndbox>
			<xmin>73</xmin>
			<ymin>148</ymin>
			<xmax>396</xmax>
			<ymax>299</ymax>
		</bndbox>
	</object>
	<object>
		<name>cat</name>
		<pose>Unspecified</pose>
		<truncated>1</truncated>
		<difficult>0</difficult>
		<bndbox>
			<xmin>208</xmin>
			<ymin>1</ymin>
			<xmax>492</xmax>
			<ymax>298</ymax>
		</bndbox>
	</object>
</annotation>
