<annotation><filename>cat.3910.jpg</filename><size><width>500</width><height>374</height><depth>3</depth></size><object><name>cat</name><pose>Unspecified</pose><truncated>0</truncated><difficult>0</difficult><bndbox><xmin>94.53727304935455</xmin><ymin>71.876047372818</ymin><xmax>348.8811254501343</xmax><ymax>318.9542932510376</ymax></bndbox></object><object><name>cat</name><pose>Unspecified</pose><truncated>0</truncated><difficult>0</difficult><bndbox><xmin>275.61014890670776</xmin><ymin>84.65800213813782</ymin><xmax>441.76483154296875</xmax><ymax>335.69082856178284</ymax></bndbox></object></annotation>