<annotation>
	<folder>unlabeled_data</folder>
	<filename>cat.3780.jpg</filename>
	<path>/home/alvaro/Área de Trabalho/tf-models/research/object_detection/unlabeled_data/cat.3780.jpg</path>
	<source>
		<database>Unknown</database>
	</source>
	<size>
		<width>458</width>
		<height>480</height>
		<depth>3</depth>
	</size>
	<segmented>0</segmented>
	<object>
		<name>cat</name>
		<pose>Unspecified</pose>
		<truncated>0</truncated>
		<difficult>0</difficult>
		<bndbox>
			<xmin>17</xmin>
			<ymin>46</ymin>
			<xmax>431</xmax>
			<ymax>212</ymax>
		</bndbox>
	</object>
	<object>
		<name>cat</name>
		<pose>Unspecified</pose>
		<truncated>1</truncated>
		<difficult>0</difficult>
		<bndbox>
			<xmin>150</xmin>
			<ymin>268</ymin>
			<xmax>344</xmax>
			<ymax>480</ymax>
		</bndbox>
	</object>
</annotation>
