<annotation>
	<folder>train_images</folder>
	<filename>cat.15.jpg</filename>
	<path>/home/alvaro/Área de Trabalho/tf-models/research/object_detection/train_images/cat.15.jpg</path>
	<source>
		<database>Unknown</database>
	</source>
	<size>
		<width>405</width>
		<height>353</height>
		<depth>3</depth>
	</size>
	<segmented>0</segmented>
	<object>
		<name>cat</name>
		<pose>Unspecified</pose>
		<truncated>1</truncated>
		<difficult>0</difficult>
		<bndbox>
			<xmin>31</xmin>
			<ymin>5</ymin>
			<xmax>397</xmax>
			<ymax>353</ymax>
		</bndbox>
	</object>
</annotation>
