<annotation>
	<folder>unlabeled_data</folder>
	<filename>cat.3656.jpg</filename>
	<path>/home/alvaro/Área de Trabalho/tf-models/research/object_detection/unlabeled_data/cat.3656.jpg</path>
	<source>
		<database>Unknown</database>
	</source>
	<size>
		<width>145</width>
		<height>194</height>
		<depth>3</depth>
	</size>
	<segmented>0</segmented>
	<object>
		<name>cat</name>
		<pose>Unspecified</pose>
		<truncated>1</truncated>
		<difficult>0</difficult>
		<bndbox>
			<xmin>1</xmin>
			<ymin>10</ymin>
			<xmax>121</xmax>
			<ymax>145</ymax>
		</bndbox>
	</object>
</annotation>
