<annotation><filename>cat.3661.jpg</filename><size><width>499</width><height>382</height><depth>3</depth></size><object><name>cat</name><pose>Unspecified</pose><truncated>0</truncated><difficult>0</difficult><bndbox><xmin>253.25924158096313</xmin><ymin>115.82588613033295</ymin><xmax>457.6425130367279</xmax><ymax>237.4763491153717</ymax></bndbox></object><object><name>cat</name><pose>Unspecified</pose><truncated>0</truncated><difficult>0</difficult><bndbox><xmin>21.894045799970627</xmin><ymin>13.68187665939331</ymin><xmax>265.1681067943573</xmax><ymax>370.7954332828522</ymax></bndbox></object></annotation>