<annotation>
	<folder>test_images</folder>
	<filename>cat.22.jpg</filename>
	<path>/home/alvaro/Área de Trabalho/models/research/object_detection/test_images/cat.22.jpg</path>
	<source>
		<database>Unknown</database>
	</source>
	<size>
		<width>500</width>
		<height>345</height>
		<depth>3</depth>
	</size>
	<segmented>0</segmented>
	<object>
		<name>cat</name>
		<pose>Unspecified</pose>
		<truncated>0</truncated>
		<difficult>0</difficult>
		<bndbox>
			<xmin>5</xmin>
			<ymin>17</ymin>
			<xmax>432</xmax>
			<ymax>335</ymax>
		</bndbox>
	</object>
</annotation>
