<annotation>
	<folder>unlabeled_data</folder>
	<filename>cat.3949.jpg</filename>
	<path>/home/alvaro/Área de Trabalho/tf-models/research/object_detection/unlabeled_data/cat.3949.jpg</path>
	<source>
		<database>Unknown</database>
	</source>
	<size>
		<width>487</width>
		<height>499</height>
		<depth>3</depth>
	</size>
	<segmented>0</segmented>
	<object>
		<name>cat</name>
		<pose>Unspecified</pose>
		<truncated>0</truncated>
		<difficult>0</difficult>
		<bndbox>
			<xmin>226</xmin>
			<ymin>210</ymin>
			<xmax>467</xmax>
			<ymax>447</ymax>
		</bndbox>
	</object>
	<object>
		<name>cat</name>
		<pose>Unspecified</pose>
		<truncated>1</truncated>
		<difficult>0</difficult>
		<bndbox>
			<xmin>14</xmin>
			<ymin>1</ymin>
			<xmax>237</xmax>
			<ymax>455</ymax>
		</bndbox>
	</object>
</annotation>
